{
  "name": "rvfontsize",
  "title": "RV Font Size jQuery Plugin",
  "description": "An easy and flexible jquery plugin to give font size accessibility control.",
  "keywords": [
    "fontsize",
    "accessibility",
    "usability",
    "jquery",
    "typography"
  ],
  "version": "0.2.4",
  "author": {
    "name": "Ramon Victor",
    "url": "https://github.com/ramonvictor"
  },
  "maintainers": [
    {
      "name": "Ramon Victor",
      "url": "https://github.com/ramonvictor"
    }
  ],
  "licenses": [
    {
      "type": "MIT",
      "url": "http://www.opensource.org/licenses/mit-license.php"
    }
  ],
  "bugs": "https://github.com/ramonvictor/rv-jquery-fontsize/issues",
  "homepage": "http://www.ramonvictor.com/demo/fontsize/fontsize2.0/",
  "docs": "https://github.com/ramonvictor/rv-jquery-fontsize#readme",
  "download": "https://github.com/ramonavictor/rv-jquery-fontsize/archive/master.zip",
  "dependencies": {
    "jquery": "1.9.1"
  }
}